ch,no,hanji,lomaji,mandarin,audio
1,1,多謝你！,To-siā--lí!,謝謝你！,https://language.moe.gov.tw/upload/download/jts/03%E8%AA%9E%E5%8F%A51(%E9%9F%B3%E6%AA%94)/0301_01_01_03.mp3
1,2,按呢好！,Án-ne hó!,這樣好！,https://language.moe.gov.tw/upload/download/jts/03%E8%AA%9E%E5%8F%A51(%E9%9F%B3%E6%AA%94)/0301_01_02_03.mp3
1,3,我伨你。,Guá-thīn--lí!,我支持你。,https://language.moe.gov.tw/upload/download/jts/03%E8%AA%9E%E5%8F%A51(%E9%9F%B3%E6%AA%94)/0301_01_03_03.mp3
1,4,你講啥？,Lí końg siánn?,你說什麼？,https://language.moe.gov.tw/upload/download/jts/03%E8%AA%9E%E5%8F%A51(%E9%9F%B3%E6%AA%94)/0301_01_04_03.mp3
1,5,著來呢！,Tio̍h lâi--neh!,要來喔！,https://language.moe.gov.tw/upload/download/jts/03%E8%AA%9E%E5%8F%A51(%E9%9F%B3%E6%AA%94)/0301_01_05_03.mp3
1,6,伊人真好。,I lan̂g tsin hó.,他待人很好。,https://language.moe.gov.tw/upload/download/jts/03%E8%AA%9E%E5%8F%A51(%E9%9F%B3%E6%AA%94)/0301_01_06_03.mp3
1,7,講予伊知。,Końg hōo i tsai.,告訴他讓他知道。,https://language.moe.gov.tw/upload/download/jts/03%E8%AA%9E%E5%8F%A51(%E9%9F%B3%E6%AA%94)/0301_01_07_03.mp3
2,1,有要緊無？,Ū iàu-kín--bô?,事情嚴不嚴重?,https://language.moe.gov.tw/upload/download/jts/03%E8%AA%9E%E5%8F%A51(%E9%9F%B3%E6%AA%94)/0301_01_08_04.mp3
2,2,好膽莫走！,Hó-tánn mài tsáu!,有膽就不要逃跑！,https://language.moe.gov.tw/upload/download/jts/03%E8%AA%9E%E5%8F%A51(%E9%9F%B3%E6%AA%94)/0301_01_09_04.mp3
2,3,你莫怪伊。,Lí mài kuài--i.,你別責怪他。,https://language.moe.gov.tw/upload/download/jts/03%E8%AA%9E%E5%8F%A51(%E9%9F%B3%E6%AA%94)/0301_01_10_04.mp3
2,4,你捌伊無？,Lí bat--i--bô?,你認識他嗎？,https://language.moe.gov.tw/upload/download/jts/03%E8%AA%9E%E5%8F%A51(%E9%9F%B3%E6%AA%94)/0301_01_11_04.mp3
2,5,有這款可能。,Ū tsit khuán khó-lin̂g.,有這種可能。,https://language.moe.gov.tw/upload/download/jts/03%E8%AA%9E%E5%8F%A51(%E9%9F%B3%E6%AA%94)/0301_01_12_04.mp3
2,6,你共我記咧。,Lí kā guá kì--leh,你給我記住。,https://language.moe.gov.tw/upload/download/jts/03%E8%AA%9E%E5%8F%A51(%E9%9F%B3%E6%AA%94)/0301_01_13_04.mp3
2,7,著我的番矣。,Tio̍h guá ê haun--ah.,輪到我了。,https://language.moe.gov.tw/upload/download/jts/03%E8%AA%9E%E5%8F%A51(%E9%9F%B3%E6%AA%94)/0301_01_14_04.mp3
3,1,伊懸我一輩。,I kuân guá tsi̍t puè.,他長我一個輩分。,https://language.moe.gov.tw/upload/download/jts/03%E8%AA%9E%E5%8F%A51(%E9%9F%B3%E6%AA%94)/0301_01_15_05.mp3
3,2,我佮伊無親。,Guá kah i bô tshin.,我和他不親近。,https://language.moe.gov.tw/upload/download/jts/03%E8%AA%9E%E5%8F%A51(%E9%9F%B3%E6%AA%94)/0301_01_16_05.mp3
3,3,你是按怎無來？,Lí sī-án-tsuánn bô lâi?,你為什麼沒有來？,https://language.moe.gov.tw/upload/download/jts/03%E8%AA%9E%E5%8F%A51(%E9%9F%B3%E6%AA%94)/0301_01_17_05.mp3
3,4,我的冊借人矣。,Guá ê tsheh tsioh--lâng--ah.,我的書借人了。,https://language.moe.gov.tw/upload/download/jts/03%E8%AA%9E%E5%8F%A51(%E9%9F%B3%E6%AA%94)/0301_01_18_05.mp3
3,5,你莫佇遐假𠢕。,Lí mài tī hia ké--gâu.,你不要自作聰明。,https://language.moe.gov.tw/upload/download/jts/03%E8%AA%9E%E5%8F%A51(%E9%9F%B3%E6%AA%94)/0301_01_19_05.mp3
3,6,好啦！莫吵啦！,Hó--lah! Mài tshá--lah!,好啦！別吵啦！,https://language.moe.gov.tw/upload/download/jts/03%E8%AA%9E%E5%8F%A51(%E9%9F%B3%E6%AA%94)/0301_01_20_05.mp3
3,7,伊定定得失人。,I tiānn-tiānn tik-sit--lâng.,他常常得罪人。,https://language.moe.gov.tw/upload/download/jts/03%E8%AA%9E%E5%8F%A51(%E9%9F%B3%E6%AA%94)/0301_01_21_05.mp3
4,1,頭前是死路。,Thâu-tsin̂g sī sí-lōo.,前面是死路。,https://language.moe.gov.tw/upload/download/jts/03%E8%AA%9E%E5%8F%A51(%E9%9F%B3%E6%AA%94)/0301_02_01_14.mp3
4,2,船仔歇佇橋跤。,Tsûn-á hioh tī kiô-kha.,船停在橋下。,https://language.moe.gov.tw/upload/download/jts/03%E8%AA%9E%E5%8F%A51(%E9%9F%B3%E6%AA%94)/0301_02_02_14.mp3
4,3,這條小路真歹行。,Tsit tiâu sí-lōo tsin pháinn kiânn.,這條小路很難走。,https://language.moe.gov.tw/upload/download/jts/03%E8%AA%9E%E5%8F%A51(%E9%9F%B3%E6%AA%94)/0301_02_03_14.mp3
4,4,你欲行對佗位去？,Li beh kiânn tuì tó-uī--khì?,你要往哪裡去？,https://language.moe.gov.tw/upload/download/jts/03%E8%AA%9E%E5%8F%A51(%E9%9F%B3%E6%AA%94)/0301_02_04_14.mp3
4,5,這台車猶會使騎。,Tsit tâi tshia iáu ē-sái khiâ.,這部車還能騎。,https://language.moe.gov.tw/upload/download/jts/03%E8%AA%9E%E5%8F%A51(%E9%9F%B3%E6%AA%94)/0301_02_05_14.mp3
4,6,我的車票是拍往回的。,Guá ê tshia-phiò sī phah ońg-huê--ê.,我的車票買的是來回票。,https://language.moe.gov.tw/upload/download/jts/03%E8%AA%9E%E5%8F%A51(%E9%9F%B3%E6%AA%94)/0301_02_06_14.mp3
4,7,麻煩你斡對倒手爿去。,Mâ-huân lí uat uì tò-tshiú-pin̂g--khì.,麻煩你往左彎。,https://language.moe.gov.tw/upload/download/jts/03%E8%AA%9E%E5%8F%A51(%E9%9F%B3%E6%AA%94)/0301_02_07_14.mp3
5,1,伊已經倒轉去下港矣。,I í-king tò-tńg-khì ē-káng--ah.,他已經返回南部了。,https://language.moe.gov.tw/upload/download/jts/03%E8%AA%9E%E5%8F%A51(%E9%9F%B3%E6%AA%94)/0301_02_08_15.mp3
5,2,這條路傷狹，袂當相閃車。,"Tsit tiâu lōo siunn e̍h, bē-tàng sio-siám-tshia.",這條路太窄，無法錯車。,https://language.moe.gov.tw/upload/download/jts/03%E8%AA%9E%E5%8F%A51(%E9%9F%B3%E6%AA%94)/0301_02_09_15.mp3
5,3,市場離遮真遠，愛行真久。,"Tshī-tiûnn lî tsia tsin hn̄g, ài kiânn tsin kú.",市場距離這裡很遠，要走很久。,https://language.moe.gov.tw/upload/download/jts/03%E8%AA%9E%E5%8F%A51(%E9%9F%B3%E6%AA%94)/0301_02_10_15.mp3
5,4,阮這个庄頭的交通真無方便。,Guán tsit ê tsng-thâu ê kau-thong tsin bô hong-piān.,我們這個村莊的交通很不便利。,https://language.moe.gov.tw/upload/download/jts/03%E8%AA%9E%E5%8F%A51(%E9%9F%B3%E6%AA%94)/0301_02_11_15.mp3
5,5,落雨天的時陣，這條路就變甲真歹行。,"Lo̍h-hōo-thinn ê sî-tsūn, tsit tiâu lōo tō piàn kah tsin phàinn kiânn.",下雨天的時候，這條路變得很難走。,https://language.moe.gov.tw/upload/download/jts/03%E8%AA%9E%E5%8F%A51(%E9%9F%B3%E6%AA%94)/0301_02_12_15.mp3
6,1,這通食無？,Tse thang tsia̍h--bô?,這可以吃嗎？,https://language.moe.gov.tw/upload/download/jts/03%E8%AA%9E%E5%8F%A51(%E9%9F%B3%E6%AA%94)/0301_03_01_16.mp3
6,2,食了傷脹。,Tsia̍h liáu siunn tiùnn.,吃得太脹。,https://language.moe.gov.tw/upload/download/jts/03%E8%AA%9E%E5%8F%A51(%E9%9F%B3%E6%AA%94)/0301_03_02_16.mp3
6,3,有幾項菜？,Ū kuí han̄g tshài?,有幾道菜？,https://language.moe.gov.tw/upload/download/jts/03%E8%AA%9E%E5%8F%A51(%E9%9F%B3%E6%AA%94)/0301_03_03_16.mp3
6,4,我猶未食飯。,Guá iáu-buē tsia̍h pn̄g,我還沒吃飯。,https://language.moe.gov.tw/upload/download/jts/03%E8%AA%9E%E5%8F%A51(%E9%9F%B3%E6%AA%94)/0301_03_04_16.mp3
6,5,共肉冰起來。,Kā bah ping--khí-lâi,把肉冰起來。,https://language.moe.gov.tw/upload/download/jts/03%E8%AA%9E%E5%8F%A51(%E9%9F%B3%E6%AA%94)/0301_03_05_16.mp3
6,6,伊上愛食炕肉。,I sion̄g ài tsia̍h khoǹg-bah.,他最喜歡吃炕肉。,https://language.moe.gov.tw/upload/download/jts/03%E8%AA%9E%E5%8F%A51(%E9%9F%B3%E6%AA%94)/0301_03_06_16.mp3
6,7,我欲去買雞卵。,Guá beh khì bé ke-nn̄g.,我要去買雞蛋。,https://language.moe.gov.tw/upload/download/jts/03%E8%AA%9E%E5%8F%A51(%E9%9F%B3%E6%AA%94)/0301_03_07_16.mp3
7,1,伊食菜，無食臊。,"I tsia̍h-tshài, bô tsia̍h-tsho.",他吃素，不吃葷。,https://language.moe.gov.tw/upload/download/jts/03%E8%AA%9E%E5%8F%A51(%E9%9F%B3%E6%AA%94)/0301_03_08_17.mp3
7,2,菜煮甲臭火焦去。,Tshài tsú kah tshàu-hué-ta--khì.,菜燒焦了。,https://language.moe.gov.tw/upload/download/jts/03%E8%AA%9E%E5%8F%A51(%E9%9F%B3%E6%AA%94)/0301_03_09_17.mp3
7,3,遐的果子予你食。,Hia-ê kué-tsí hōo lí tsia̍h.,那些水果給你吃。,https://language.moe.gov.tw/upload/download/jts/03%E8%AA%9E%E5%8F%A51(%E9%9F%B3%E6%AA%94)/0301_03_10_17.mp3
7,4,這箱柑仔予恁去分。,Tsit-siunn kam-á hōo lín khì pun.,這箱橘子給你們分了吃。,https://language.moe.gov.tw/upload/download/jts/03%E8%AA%9E%E5%8F%A51(%E9%9F%B3%E6%AA%94)/0301_03_11_17.mp3
7,5,這尾魚仔煎了有赤。,Tsit bué hî-á tsian liáu ū tshiah.,這條魚煎得微焦。,https://language.moe.gov.tw/upload/download/jts/03%E8%AA%9E%E5%8F%A51(%E9%9F%B3%E6%AA%94)/0301_03_12_17.mp3
7,6,囡仔人毋通傷揀食。,Gín-á-lâng m-thang siunn kíng-tsia̍h.,小孩子不可以太挑食。,https://language.moe.gov.tw/upload/download/jts/03%E8%AA%9E%E5%8F%A51(%E9%9F%B3%E6%AA%94)/0301_03_13_17.mp3
7,7,毋通予豆油滴落來。,M̄-thang hōo tāu-iû tih--lo̍h-lâi,不要讓醬油滴下來。,https://language.moe.gov.tw/upload/download/jts/03%E8%AA%9E%E5%8F%A51(%E9%9F%B3%E6%AA%94)/0301_03_14_17.mp3
8,1,你敢有鼻著臭火焦味?,Lí kám ū phīnn-tio̍h tshàu-hué-ta bī?,你聞到燒焦味了嗎？,https://language.moe.gov.tw/upload/download/jts/03%E8%AA%9E%E5%8F%A51(%E9%9F%B3%E6%AA%94)/0301_03_15_18.mp3
8,2,這个湯頭的滋味袂䆀。,Tsit ê thng-thâu ê tsu-bī bē-bái.,這個湯頭味道不錯。,https://language.moe.gov.tw/upload/download/jts/03%E8%AA%9E%E5%8F%A51(%E9%9F%B3%E6%AA%94)/0301_03_16_18.mp3
8,3,伊共餅貯入去盒子底。,I kā piánn té ji̍p-khì a̍p-á-té.,他把餅乾裝進去盒子裡頭。,https://language.moe.gov.tw/upload/download/jts/03%E8%AA%9E%E5%8F%A51(%E9%9F%B3%E6%AA%94)/0301_03_17_18.mp3
8,4,新竹出產的貢丸真有名。,Sin-tik tshut-sán ê kòng-uân tsin ū-miâ.,新竹生產的貢丸很有名。,https://language.moe.gov.tw/upload/download/jts/03%E8%AA%9E%E5%8F%A51(%E9%9F%B3%E6%AA%94)/0301_03_18_18.mp3
8,5,你愈啉咖啡抑是欲啉茶？,Lí beh lim ka-pi ia̍h-sī beh lim-tê.,你要喝咖啡還是要喝茶？,https://language.moe.gov.tw/upload/download/jts/03%E8%AA%9E%E5%8F%A51(%E9%9F%B3%E6%AA%94)/0301_03_19_18.mp3
8,6,西瓜愛著時才會好食。,Si-kue tio̍h-ài tio̍h-sî tsiah ē hó-tsia̍h.,西瓜要當季出產的才好吃。,https://language.moe.gov.tw/upload/download/jts/03%E8%AA%9E%E5%8F%A51(%E9%9F%B3%E6%AA%94)/0301_03_20_18.mp3
8,7,我的嚨喉㧎著一枝魚刺。,Guá ê nâ-âu khê-tio̍h tsi̍t ki hî-tshì.,我的喉嚨卡著一根魚刺。,https://language.moe.gov.tw/upload/download/jts/03%E8%AA%9E%E5%8F%A51(%E9%9F%B3%E6%AA%94)/0301_03_21_18.mp3
